Data,Normalised Data
20,0
75,1
34,0.254545
55,0.636364
63,0.781818
